{"cameraMode":{"drawMode":0,"name":"Shaded","section":"Shading Mode"},"sceneLighting":true,"audioPlay":false,"sceneViewState":{"showFog":true,"showMaterialUpdate":false,"showSkybox":true,"showFlares":true,"showImageEffects":true,"showParticleSystems":true},"in2DMode":false,"pivot":{"x":18.66371726989746,"y":13.923434257507325,"z":11.103204727172852},"rotation":{"x":-0.18244345486164094,"y":0.47538018226623537,"z":-0.1014784425497055,"w":-0.8546773791313171},"size":25.80036735534668,"orthographic":false}