{"cameraMode":{"drawMode":0,"name":"Shaded","section":"Shading Mode"},"sceneLighting":true,"audioPlay":false,"sceneViewState":{"showFog":true,"showMaterialUpdate":true,"showSkybox":true,"showFlares":true,"showImageEffects":true,"showParticleSystems":true},"in2DMode":false,"pivot":{"x":1646.91552734375,"y":791.9927978515625,"z":24.987478256225587},"rotation":{"x":0.10304218530654907,"y":-0.0026994324289262296,"z":0.00009580709593137726,"w":0.9948334097862244},"size":609.4140625,"orthographic":true}