{"cameraMode":{"drawMode":0,"name":"Shaded","section":"Shading Mode"},"sceneLighting":true,"audioPlay":false,"sceneViewState":{"showFog":true,"showMaterialUpdate":true,"showSkybox":true,"showFlares":true,"showImageEffects":true,"showParticleSystems":true},"in2DMode":false,"pivot":{"x":-27.533756256103517,"y":9.251729011535645,"z":111.3139419555664},"rotation":{"x":0.0241658054292202,"y":0.9681204557418823,"z":-0.10323675721883774,"w":0.22770316898822785},"size":62.3505859375,"orthographic":true}