{"cameraMode":{"drawMode":0,"name":"Shaded","section":"Shading Mode"},"sceneLighting":false,"audioPlay":false,"sceneViewState":{"showFog":true,"showMaterialUpdate":false,"showSkybox":false,"showFlares":true,"showImageEffects":true,"showParticleSystems":true},"in2DMode":false,"pivot":{"x":-55.677825927734378,"y":20.870834350585939,"z":70.0},"rotation":{"x":-0.18244345486164094,"y":0.47538018226623537,"z":-0.1014784425497055,"w":-0.8546773791313171},"size":52.933589935302737,"orthographic":false}