{"cameraMode":{"drawMode":0,"name":"Shaded","section":"Shading Mode"},"sceneLighting":false,"audioPlay":false,"sceneViewState":{"showFog":true,"showMaterialUpdate":true,"showSkybox":false,"showFlares":true,"showImageEffects":true,"showParticleSystems":true},"in2DMode":false,"pivot":{"x":1.19134521484375,"y":4.999998092651367,"z":154.91485595703126},"rotation":{"x":0.0241658054292202,"y":0.9681204557418823,"z":-0.10323675721883774,"w":0.22770316898822785},"size":9.643653869628907,"orthographic":true}