{"cameraMode":{"drawMode":0,"name":"Shaded","section":"Shading Mode"},"sceneLighting":true,"audioPlay":false,"sceneViewState":{"showFog":true,"showMaterialUpdate":true,"showSkybox":true,"showFlares":true,"showImageEffects":true,"showParticleSystems":true},"in2DMode":false,"pivot":{"x":-4.0,"y":8.491561889648438,"z":539.2161865234375},"rotation":{"x":0.0241658054292202,"y":0.9681204557418823,"z":-0.10323675721883774,"w":0.22770316898822785},"size":610.2245483398438,"orthographic":true}