{"cameraMode":{"drawMode":0,"name":"Shaded","section":"Shading Mode"},"sceneLighting":false,"audioPlay":false,"sceneViewState":{"showFog":true,"showMaterialUpdate":true,"showSkybox":false,"showFlares":true,"showImageEffects":true,"showParticleSystems":true},"in2DMode":false,"pivot":{"x":-0.10000133514404297,"y":12.795730590820313,"z":101.30081939697266},"rotation":{"x":0.0241658054292202,"y":0.9681204557418823,"z":-0.10323675721883774,"w":0.22770316898822785},"size":62.36179733276367,"orthographic":true}