{"cameraMode":{"drawMode":0,"name":"Shaded","section":"Shading Mode"},"sceneLighting":false,"audioPlay":false,"sceneViewState":{"showFog":true,"showMaterialUpdate":false,"showSkybox":false,"showFlares":true,"showImageEffects":true,"showParticleSystems":true},"in2DMode":false,"pivot":{"x":29.71401023864746,"y":-15.86363410949707,"z":60.329654693603519},"rotation":{"x":-0.35334593057632449,"y":-0.10020383447408676,"z":0.03809167072176933,"w":-0.9294037222862244},"size":57.45293426513672,"orthographic":false}